Date,Open,High,Low,Close,Adj Close,Volume,Symbol
2020-10-01 00:00:00-04:00,100.0,100.0,100.0,100.0,100.0,0,BTC
2020-10-02 00:00:00-04:00,100.0,100.0,100.0,100.0,100.0,0,BTC
2020-10-05 00:00:00-04:00,100.02999877929688,100.04000091552734,99.99500274658203,99.99500274658203,99.99500274658203,10725,BTC
2020-10-06 00:00:00-04:00,100.01000213623047,100.02999877929688,100.01000213623047,100.02999877929688,100.02999877929688,10080,BTC
2020-10-07 00:00:00-04:00,99.94999694824219,99.95999908447266,99.91999816894531,99.91999816894531,99.91999816894531,6350,BTC
2020-10-08 00:00:00-04:00,99.98999786376953,99.99500274658203,99.9717025756836,99.99500274658203,99.99500274658203,650,BTC
2020-10-09 00:00:00-04:00,99.97000122070312,99.9800033569336,99.94000244140625,99.94000244140625,99.94000244140625,1820,BTC
2020-10-12 00:00:00-04:00,99.95999908447266,99.97000122070312,99.94000244140625,99.94000244140625,99.94000244140625,5685,BTC
2020-10-13 00:00:00-04:00,99.97899627685547,99.98999786376953,99.96320343017578,99.96499633789062,99.96499633789062,3635,BTC
2020-10-14 00:00:00-04:00,100.0,100.0,99.9749984741211,99.9749984741211,99.9749984741211,3985,BTC
2020-10-15 00:00:00-04:00,100.0,100.0,99.94499969482422,99.94499969482422,99.94499969482422,3312,BTC
2020-10-16 00:00:00-04:00,99.94999694824219,99.95999908447266,99.92500305175781,99.92500305175781,99.92500305175781,2135,BTC
2020-10-19 00:00:00-04:00,99.91000366210938,99.91999816894531,99.88999938964844,99.88999938964844,99.88999938964844,126687,BTC
2020-10-20 00:00:00-04:00,99.84709930419922,99.84709930419922,99.84709930419922,99.84709930419922,99.84709930419922,29,BTC
2020-10-21 00:00:00-04:00,99.83999633789062,99.83999633789062,99.82430267333984,99.82430267333984,99.82430267333984,320,BTC
2020-10-22 00:00:00-04:00,99.77999877929688,99.77999877929688,99.75,99.75,99.75,5600,BTC
2020-10-23 00:00:00-04:00,99.80999755859375,99.80999755859375,99.79000091552734,99.79000091552734,99.79000091552734,4617,BTC
2020-10-26 00:00:00-04:00,99.88999938964844,99.88999938964844,99.86000061035156,99.86000061035156,99.86000061035156,3900,BTC
2020-10-27 00:00:00-04:00,99.93000030517578,99.93000030517578,99.91500091552734,99.91500091552734,99.91500091552734,710,BTC
2020-10-28 00:00:00-04:00,99.91000366210938,99.91000366210938,99.88500213623047,99.88500213623047,99.88500213623047,704,BTC
2020-10-29 00:00:00-04:00,99.81999969482422,99.81999969482422,99.7699966430664,99.7699966430664,99.7699966430664,830,BTC
2020-10-30 00:00:00-04:00,99.69989776611328,99.69989776611328,99.69989776611328,99.69989776611328,99.69989776611328,29,BTC
2020-11-02 00:00:00-05:00,99.70240020751953,99.70240020751953,99.70240020751953,99.70240020751953,99.70240020751953,1,BTC
2020-11-03 00:00:00-05:00,99.66500091552734,99.66500091552734,99.66500091552734,99.66500091552734,99.66500091552734,1,BTC
2020-11-04 00:00:00-05:00,99.95999908447266,99.9800033569336,99.95899963378906,99.97480010986328,99.97480010986328,2561,BTC
2020-11-05 00:00:00-05:00,99.99870300292969,99.99870300292969,99.99870300292969,99.99870300292969,99.99870300292969,1,BTC
2020-11-06 00:00:00-05:00,99.88999938964844,99.94000244140625,99.88999938964844,99.90480041503906,99.90480041503906,1001,BTC
2020-11-09 00:00:00-05:00,99.70999908447266,99.74629974365234,99.70099639892578,99.74629974365234,99.74629974365234,4126,BTC
2020-11-10 00:00:00-05:00,99.68900299072266,99.68900299072266,99.63999938964844,99.63999938964844,99.63999938964844,100,BTC
2020-11-11 00:00:00-05:00,99.66899871826172,99.66999816894531,99.6552963256836,99.6552963256836,99.6552963256836,1004,BTC
2020-11-12 00:00:00-05:00,99.78900146484375,99.79000091552734,99.77410125732422,99.77410125732422,99.77410125732422,4256,BTC
2020-11-13 00:00:00-05:00,99.77059936523438,99.77059936523438,99.77059936523438,99.77059936523438,99.77059936523438,1,BTC
2020-11-16 00:00:00-05:00,99.79900360107422,99.80000305175781,99.7699966430664,99.7699966430664,99.7699966430664,876,BTC
2020-11-17 00:00:00-05:00,99.8499984741211,99.8499984741211,99.8499984741211,99.8499984741211,99.8499984741211,1,BTC
2020-11-18 00:00:00-05:00,99.8499984741211,99.8499984741211,99.8499984741211,99.8499984741211,99.8499984741211,1,BTC
2020-11-19 00:00:00-05:00,99.88999938964844,99.88999938964844,99.88999938964844,99.88999938964844,99.88999938964844,1,BTC
2020-11-20 00:00:00-05:00,99.91000366210938,99.94000244140625,99.91000366210938,99.91500091552734,99.91500091552734,4981,BTC
2020-11-23 00:00:00-05:00,99.89900207519531,99.9000015258789,99.88500213623047,99.88500213623047,99.88500213623047,553,BTC
2020-11-24 00:00:00-05:00,99.88500213623047,99.88500213623047,99.88500213623047,99.88500213623047,99.88500213623047,1,BTC
2020-11-25 00:00:00-05:00,99.95999908447266,99.95999908447266,99.91000366210938,99.91000366210938,99.91000366210938,701,BTC
2020-11-27 00:00:00-05:00,99.98999786376953,99.98999786376953,99.98999786376953,99.98999786376953,99.98999786376953,1,BTC
2020-11-30 00:00:00-05:00,100.06999969482422,100.06999969482422,100.04499816894531,100.04499816894531,100.04499816894531,2066,BTC
2020-12-01 00:00:00-05:00,99.87999725341797,99.91899871826172,99.87999725341797,99.90059661865234,99.90059661865234,1100,BTC
2020-12-02 00:00:00-05:00,99.875,99.875,99.875,99.875,99.875,1,BTC
2020-12-03 00:00:00-05:00,99.9749984741211,99.9749984741211,99.9749984741211,99.9749984741211,99.9749984741211,1,BTC
2020-12-04 00:00:00-05:00,99.86080169677734,99.86080169677734,99.86080169677734,99.86080169677734,99.86080169677734,1,BTC
2020-12-07 00:00:00-05:00,99.9800033569336,99.9800033569336,99.95500183105469,99.95500183105469,99.95500183105469,1800,BTC
2020-12-08 00:00:00-05:00,100.00900268554688,100.00900268554688,99.97000122070312,99.97000122070312,99.97000122070312,1303,BTC
2020-12-09 00:00:00-05:00,99.86000061035156,99.86000061035156,99.84500122070312,99.8550033569336,99.8550033569336,1650,BTC
2020-12-10 00:00:00-05:00,99.91000366210938,99.94999694824219,99.9031982421875,99.93000030517578,99.93000030517578,3907,BTC
2020-12-11 00:00:00-05:00,100.01609802246094,100.01609802246094,100.01609802246094,100.01609802246094,100.01609802246094,33,BTC
2020-12-14 00:00:00-05:00,100.01899719238281,100.0199966430664,99.99500274658203,99.99500274658203,99.99500274658203,425,BTC
2020-12-15 00:00:00-05:00,100.01000213623047,100.01000213623047,100.00499725341797,100.00499725341797,100.00499725341797,1351,BTC
2020-12-16 00:00:00-05:00,100.00499725341797,100.00499725341797,100.00499725341797,100.00499725341797,100.00499725341797,39,BTC
2020-12-17 00:00:00-05:00,100.08999633789062,100.08999633789062,99.99500274658203,99.99500274658203,99.99500274658203,1218,BTC
2020-12-18 00:00:00-05:00,100.0000991821289,100.0000991821289,99.98500061035156,99.98500061035156,99.98500061035156,1000,BTC
2020-12-21 00:00:00-05:00,99.98899841308594,99.98999786376953,99.96009826660156,99.96009826660156,99.96009826660156,2345,BTC
2020-12-22 00:00:00-05:00,100.02999877929688,100.02999877929688,100.02999877929688,100.02999877929688,100.02999877929688,10,BTC
2020-12-23 00:00:00-05:00,99.98999786376953,100.0,99.98999786376953,99.99009704589844,99.99009704589844,1414,BTC
2020-12-24 00:00:00-05:00,100.02670288085938,100.02670288085938,100.02670288085938,100.02670288085938,100.02670288085938,2,BTC
2020-12-28 00:00:00-05:00,100.06300354003906,100.06300354003906,100.06300354003906,100.06300354003906,100.06300354003906,2,BTC
2020-12-29 00:00:00-05:00,100.06500244140625,100.06500244140625,100.06500244140625,100.06500244140625,100.06500244140625,2,BTC
2020-12-30 00:00:00-05:00,100.10459899902344,100.10459899902344,100.10459899902344,100.10459899902344,100.10459899902344,2,BTC
2020-12-31 00:00:00-05:00,100.16000366210938,100.16000366210938,100.15499877929688,100.15499877929688,100.15499877929688,102,BTC
2021-01-04 00:00:00-05:00,100.1229019165039,100.1229019165039,100.1229019165039,100.1229019165039,100.1229019165039,2,BTC
2021-01-05 00:00:00-05:00,100.05999755859375,100.07990264892578,100.05000305175781,100.05000305175781,100.05000305175781,751,BTC
2021-01-06 00:00:00-05:00,99.85900115966797,99.87460327148438,99.85900115966797,99.87460327148438,99.87460327148438,109,BTC
2021-01-07 00:00:00-05:00,99.83000183105469,99.83000183105469,99.78500366210938,99.8136978149414,99.8136978149414,2099,BTC
2021-01-08 00:00:00-05:00,99.7249984741211,99.7249984741211,99.7249984741211,99.7249984741211,99.7249984741211,3,BTC
2021-01-11 00:00:00-05:00,99.66500091552734,99.66500091552734,99.66500091552734,99.66500091552734,99.66500091552734,1,BTC
2021-01-12 00:00:00-05:00,99.66470336914062,99.66470336914062,99.66470336914062,99.66470336914062,99.66470336914062,1,BTC
2021-01-13 00:00:00-05:00,99.75689697265625,99.75689697265625,99.75689697265625,99.75689697265625,99.75689697265625,66,BTC
2021-01-14 00:00:00-05:00,99.81999969482422,99.81999969482422,99.72699737548828,99.72699737548828,99.72699737548828,333,BTC
2021-01-15 00:00:00-05:00,99.80770111083984,99.80770111083984,99.80770111083984,99.80770111083984,99.80770111083984,1,BTC
2021-01-19 00:00:00-05:00,99.83499908447266,99.83499908447266,99.83499908447266,99.83499908447266,99.83499908447266,2,BTC
2021-01-20 00:00:00-05:00,99.83570098876953,99.83570098876953,99.83570098876953,99.83570098876953,99.83570098876953,3,BTC
2021-01-21 00:00:00-05:00,99.79499816894531,99.79499816894531,99.79499816894531,99.79499816894531,99.79499816894531,193,BTC
2021-01-22 00:00:00-05:00,99.83489990234375,99.83489990234375,99.83489990234375,99.83489990234375,99.83489990234375,66,BTC
2021-01-25 00:00:00-05:00,99.91719818115234,99.91719818115234,99.91719818115234,99.91719818115234,99.91719818115234,66,BTC
2021-01-26 00:00:00-05:00,99.94999694824219,99.94999694824219,99.88999938964844,99.91500091552734,99.91500091552734,841,BTC
2021-01-27 00:00:00-05:00,99.89630126953125,99.89630126953125,99.89630126953125,99.89630126953125,99.89630126953125,1,BTC
2021-01-28 00:00:00-05:00,99.85489654541016,99.85489654541016,99.85489654541016,99.85489654541016,99.85489654541016,1,BTC
2021-01-29 00:00:00-05:00,99.8489990234375,99.84929656982422,99.8489990234375,99.84929656982422,99.84929656982422,1503,BTC
2021-02-01 00:00:00-05:00,99.87999725341797,99.87999725341797,99.87100219726562,99.87100219726562,99.87100219726562,702,BTC
2021-02-02 00:00:00-05:00,99.80960083007812,99.80960083007812,99.80960083007812,99.80960083007812,99.80960083007812,2,BTC
2021-02-03 00:00:00-05:00,99.78900146484375,99.80000305175781,99.76499938964844,99.76499938964844,99.76499938964844,800,BTC
2021-02-04 00:00:00-05:00,99.78500366210938,99.78500366210938,99.78500366210938,99.78500366210938,99.78500366210938,2,BTC
2021-02-05 00:00:00-05:00,99.7615966796875,99.7615966796875,99.7615966796875,99.7615966796875,99.7615966796875,1502,BTC
2021-02-08 00:00:00-05:00,99.80999755859375,99.80999755859375,99.75240325927734,99.75240325927734,99.75240325927734,3318,BTC
2021-02-09 00:00:00-05:00,99.83000183105469,99.83999633789062,99.7699966430664,99.78500366210938,99.78500366210938,6819,BTC
2021-02-10 00:00:00-05:00,99.8499984741211,99.87139892578125,99.8499984741211,99.87139892578125,99.87139892578125,351,BTC
2021-02-11 00:00:00-05:00,99.8550033569336,99.86509704589844,99.8550033569336,99.86509704589844,99.86509704589844,531,BTC
2021-02-12 00:00:00-05:00,99.81900024414062,99.81900024414062,99.78459930419922,99.78459930419922,99.78459930419922,1878,BTC
2021-02-16 00:00:00-05:00,99.58899688720703,99.5999984741211,99.52909851074219,99.52909851074219,99.52909851074219,4815,BTC
2021-02-17 00:00:00-05:00,99.55999755859375,99.58000183105469,99.55999755859375,99.56500244140625,99.56500244140625,1864,BTC
2021-02-18 00:00:00-05:00,99.58499908447266,99.58499908447266,99.58499908447266,99.58499908447266,99.58499908447266,9,BTC
2021-02-19 00:00:00-05:00,99.45500183105469,99.45500183105469,99.45500183105469,99.45500183105469,99.45500183105469,598,BTC
2021-02-22 00:00:00-05:00,99.3550033569336,99.3550033569336,99.3550033569336,99.3550033569336,99.3550033569336,1578,BTC
2021-02-23 00:00:00-05:00,99.41799926757812,99.4198989868164,99.3988037109375,99.3988037109375,99.3988037109375,401,BTC
2021-02-24 00:00:00-05:00,99.3644027709961,99.3644027709961,99.3644027709961,99.3644027709961,99.3644027709961,12,BTC
2021-02-25 00:00:00-05:00,98.91010284423828,98.91010284423828,98.7531967163086,98.7531967163086,98.7531967163086,304,BTC
2021-02-26 00:00:00-05:00,98.98310089111328,98.98310089111328,98.98310089111328,98.98310089111328,98.98310089111328,70,BTC
2021-03-01 00:00:00-05:00,99.05719757080078,99.10759735107422,99.05719757080078,99.10759735107422,99.10759735107422,407,BTC
2021-03-02 00:00:00-05:00,99.19000244140625,99.19000244140625,99.16000366210938,99.18000030517578,99.18000030517578,965,BTC
2021-03-03 00:00:00-05:00,98.98999786376953,99.01180267333984,98.98999786376953,99.01180267333984,99.01180267333984,510,BTC
2021-03-04 00:00:00-05:00,98.84500122070312,98.84500122070312,98.84500122070312,98.84500122070312,98.84500122070312,2,BTC
2021-03-05 00:00:00-05:00,98.75,98.76000213623047,98.75,98.76000213623047,98.76000213623047,100,BTC
2021-03-08 00:00:00-05:00,98.58000183105469,98.58000183105469,98.53050231933594,98.53050231933594,98.53050231933594,101,BTC
2021-03-09 00:00:00-05:00,98.64199829101562,98.64199829101562,98.625,98.625,98.625,917,BTC
2021-03-10 00:00:00-05:00,98.73919677734375,98.73919677734375,98.73919677734375,98.73919677734375,98.73919677734375,1,BTC
2021-03-11 00:00:00-05:00,98.8416976928711,98.8416976928711,98.8416976928711,98.8416976928711,98.8416976928711,1,BTC
2021-03-12 00:00:00-05:00,98.58000183105469,98.5999984741211,98.58000183105469,98.59259796142578,98.59259796142578,4201,BTC
2021-03-15 00:00:00-04:00,98.61830139160156,98.61830139160156,98.61830139160156,98.61830139160156,98.61830139160156,1,BTC
2021-03-16 00:00:00-04:00,98.62940216064453,98.62940216064453,98.62940216064453,98.62940216064453,98.62940216064453,600,BTC
2021-03-17 00:00:00-04:00,98.54000091552734,98.70149993896484,98.54000091552734,98.70149993896484,98.70149993896484,200,BTC
2021-03-18 00:00:00-04:00,98.51000213623047,98.5167007446289,98.48979949951172,98.48979949951172,98.48979949951172,2009,BTC
2021-03-19 00:00:00-04:00,98.47730255126953,98.47730255126953,98.47730255126953,98.47730255126953,98.47730255126953,1,BTC
2021-03-22 00:00:00-04:00,98.54499816894531,98.56500244140625,98.54499816894531,98.56500244140625,98.56500244140625,108,BTC
2021-03-23 00:00:00-04:00,98.63999938964844,98.68769836425781,98.63999938964844,98.68769836425781,98.68769836425781,101,BTC
2021-03-24 00:00:00-04:00,98.72579956054688,98.72579956054688,98.72579956054688,98.72579956054688,98.72579956054688,1,BTC
2021-03-25 00:00:00-04:00,98.73179626464844,98.73179626464844,98.73179626464844,98.73179626464844,98.73179626464844,10,BTC
2021-03-26 00:00:00-04:00,98.65899658203125,98.66000366210938,98.63500213623047,98.63500213623047,98.63500213623047,678,BTC
2021-03-29 00:00:00-04:00,98.5365982055664,98.5365982055664,98.5365982055664,98.5365982055664,98.5365982055664,1,BTC
2021-03-30 00:00:00-04:00,98.51280212402344,98.51280212402344,98.51280212402344,98.51280212402344,98.51280212402344,1,BTC
2021-03-31 00:00:00-04:00,98.4800033569336,98.51460266113281,98.4800033569336,98.51460266113281,98.51460266113281,504,BTC
2021-04-01 00:00:00-04:00,98.5999984741211,98.6449966430664,98.58999633789062,98.6449966430664,98.6449966430664,1604,BTC
2021-04-05 00:00:00-04:00,98.4990005493164,98.52320098876953,98.4990005493164,98.52320098876953,98.52320098876953,400,BTC
2021-04-06 00:00:00-04:00,98.63999938964844,98.71089935302734,98.63999938964844,98.71089935302734,98.71089935302734,2001,BTC
2021-04-07 00:00:00-04:00,98.72000122070312,98.7300033569336,98.72000122070312,98.72160339355469,98.72160339355469,1000,BTC
2021-04-08 00:00:00-04:00,98.81500244140625,98.81500244140625,98.81500244140625,98.81500244140625,98.81500244140625,1,BTC
2021-04-09 00:00:00-04:00,98.75569915771484,98.75569915771484,98.75569915771484,98.75569915771484,98.75569915771484,1,BTC
2021-04-12 00:00:00-04:00,98.70919799804688,98.70919799804688,98.70919799804688,98.70919799804688,98.70919799804688,1,BTC
2021-04-13 00:00:00-04:00,98.7300033569336,98.8228988647461,98.7300033569336,98.8228988647461,98.8228988647461,1000,BTC
2021-04-14 00:00:00-04:00,98.80500030517578,98.81089782714844,98.77999877929688,98.81089782714844,98.81089782714844,2271,BTC
2021-04-15 00:00:00-04:00,99.0199966430664,99.05000305175781,99.00830078125,99.00830078125,99.00830078125,7728,BTC
2021-04-16 00:00:00-04:00,100.88999938964844,100.88999938964844,98.7699966430664,99.24469757080078,99.24469757080078,4517,BTC
2021-04-19 00:00:00-04:00,99.12000274658203,99.12999725341797,98.98500061035156,99.1011962890625,99.1011962890625,4561,BTC
2021-04-20 00:00:00-04:00,98.79000091552734,99.30000305175781,98.79000091552734,99.04409790039062,99.04409790039062,3736,BTC
2021-04-21 00:00:00-04:00,99.01000213623047,99.01000213623047,98.9000015258789,98.97049713134766,98.97049713134766,997,BTC
2021-04-22 00:00:00-04:00,98.92500305175781,99.04000091552734,98.86000061035156,99.0009994506836,99.0009994506836,1599,BTC
2021-04-23 00:00:00-04:00,99.01000213623047,99.01000213623047,98.88009643554688,98.9800033569336,98.9800033569336,1888,BTC
2021-04-26 00:00:00-04:00,99.0,99.0,98.908203125,98.97000122070312,98.97000122070312,2503,BTC
2021-04-27 00:00:00-04:00,98.94999694824219,98.94999694824219,98.81999969482422,98.83260345458984,98.83260345458984,1317,BTC
2021-04-28 00:00:00-04:00,98.87999725341797,98.88639831542969,98.76000213623047,98.88639831542969,98.88639831542969,1002,BTC
2021-04-29 00:00:00-04:00,98.80999755859375,98.9000015258789,98.80000305175781,98.8550033569336,98.8550033569336,2466,BTC
2021-04-30 00:00:00-04:00,98.91999816894531,98.93000030517578,98.87999725341797,98.88929748535156,98.88929748535156,1922,BTC
2021-05-03 00:00:00-04:00,98.91000366210938,98.94499969482422,98.91000366210938,98.9446029663086,98.9446029663086,2307,BTC
2021-05-04 00:00:00-04:00,98.95999908447266,99.05000305175781,98.95999908447266,98.98500061035156,98.98500061035156,2847,BTC
2021-05-05 00:00:00-04:00,99.0,99.05999755859375,98.99400329589844,99.05999755859375,99.05999755859375,2950,BTC
2021-05-06 00:00:00-04:00,99.0999984741211,99.10099792480469,99.03099822998047,99.07499694824219,99.07499694824219,4313,BTC
2021-05-07 00:00:00-04:00,99.1500015258789,99.21499633789062,99.14749908447266,99.14749908447266,99.14749908447266,1834,BTC
2021-05-10 00:00:00-04:00,99.19999694824219,99.19999694824219,99.06999969482422,99.11000061035156,99.11000061035156,2968,BTC
2021-05-11 00:00:00-04:00,99.11000061035156,99.11000061035156,99.11000061035156,99.11000061035156,99.11000061035156,0,BTC
2021-05-12 00:00:00-04:00,99.11000061035156,99.11000061035156,99.11000061035156,99.11000061035156,99.11000061035156,0,BTC
2021-05-13 00:00:00-04:00,99.11000061035156,99.11000061035156,99.11000061035156,99.11000061035156,99.11000061035156,0,BTC
2021-05-14 00:00:00-04:00,99.11000061035156,99.11000061035156,99.11000061035156,99.11000061035156,99.11000061035156,0,BTC
2021-05-17 00:00:00-04:00,99.11000061035156,99.11000061035156,99.11000061035156,99.11000061035156,99.11000061035156,0,BTC
2021-05-18 00:00:00-04:00,99.11000061035156,99.11000061035156,99.11000061035156,99.11000061035156,99.11000061035156,0,BTC
2021-05-19 00:00:00-04:00,99.11000061035156,99.11000061035156,99.11000061035156,99.11000061035156,99.11000061035156,0,BTC
2021-05-20 00:00:00-04:00,99.11000061035156,99.11000061035156,99.11000061035156,99.11000061035156,99.11000061035156,0,BTC
2021-05-21 00:00:00-04:00,99.11000061035156,99.11000061035156,99.11000061035156,99.11000061035156,99.11000061035156,0,BTC
2021-05-24 00:00:00-04:00,99.11000061035156,99.11000061035156,99.11000061035156,99.11000061035156,99.11000061035156,0,BTC
2021-05-25 00:00:00-04:00,99.11000061035156,99.11000061035156,99.11000061035156,99.11000061035156,99.11000061035156,0,BTC
2021-05-26 00:00:00-04:00,99.11000061035156,99.11000061035156,99.11000061035156,99.11000061035156,99.11000061035156,0,BTC
2021-05-27 00:00:00-04:00,99.11000061035156,99.11000061035156,99.11000061035156,99.11000061035156,99.11000061035156,0,BTC
2021-05-28 00:00:00-04:00,99.11000061035156,99.11000061035156,99.11000061035156,99.11000061035156,99.11000061035156,0,BTC
2021-06-01 00:00:00-04:00,99.11000061035156,99.11000061035156,99.11000061035156,99.11000061035156,99.11000061035156,0,BTC
2021-06-02 00:00:00-04:00,99.11000061035156,99.11000061035156,99.11000061035156,99.11000061035156,99.11000061035156,0,BTC
2021-06-03 00:00:00-04:00,99.11000061035156,99.11000061035156,99.11000061035156,99.11000061035156,99.11000061035156,0,BTC
2021-06-04 00:00:00-04:00,99.11000061035156,99.11000061035156,99.11000061035156,99.11000061035156,99.11000061035156,0,BTC
2021-06-07 00:00:00-04:00,99.11000061035156,99.11000061035156,99.11000061035156,99.11000061035156,99.11000061035156,0,BTC
2021-06-08 00:00:00-04:00,99.11000061035156,99.11000061035156,99.11000061035156,99.11000061035156,99.11000061035156,0,BTC
2021-06-09 00:00:00-04:00,99.11000061035156,99.11000061035156,99.11000061035156,99.11000061035156,99.11000061035156,0,BTC
2021-06-10 00:00:00-04:00,99.11000061035156,99.11000061035156,99.11000061035156,99.11000061035156,99.11000061035156,0,BTC
2021-06-11 00:00:00-04:00,99.11000061035156,99.11000061035156,99.11000061035156,99.11000061035156,99.11000061035156,0,BTC
2021-06-14 00:00:00-04:00,99.11000061035156,99.11000061035156,99.11000061035156,99.11000061035156,99.11000061035156,0,BTC
2021-06-15 00:00:00-04:00,99.11000061035156,99.11000061035156,99.11000061035156,99.11000061035156,99.11000061035156,0,BTC
2021-06-16 00:00:00-04:00,99.11000061035156,99.11000061035156,99.11000061035156,99.11000061035156,99.11000061035156,0,BTC
2021-06-17 00:00:00-04:00,99.11000061035156,99.11000061035156,99.11000061035156,99.11000061035156,99.11000061035156,0,BTC
2021-06-18 00:00:00-04:00,99.11000061035156,99.11000061035156,99.11000061035156,99.11000061035156,99.11000061035156,0,BTC
2021-06-21 00:00:00-04:00,99.11000061035156,99.11000061035156,99.11000061035156,99.11000061035156,99.11000061035156,0,BTC
2021-06-22 00:00:00-04:00,99.11000061035156,99.11000061035156,99.11000061035156,99.11000061035156,99.11000061035156,0,BTC
2021-06-23 00:00:00-04:00,99.11000061035156,99.11000061035156,99.11000061035156,99.11000061035156,99.11000061035156,0,BTC
2021-06-24 00:00:00-04:00,99.11000061035156,99.11000061035156,99.11000061035156,99.11000061035156,99.11000061035156,0,BTC
2021-06-25 00:00:00-04:00,99.11000061035156,99.11000061035156,99.11000061035156,99.11000061035156,99.11000061035156,0,BTC
2021-06-28 00:00:00-04:00,99.11000061035156,99.11000061035156,99.11000061035156,99.11000061035156,99.11000061035156,0,BTC
2021-06-29 00:00:00-04:00,99.11000061035156,99.11000061035156,99.11000061035156,99.11000061035156,99.11000061035156,0,BTC
2021-06-30 00:00:00-04:00,99.11000061035156,99.11000061035156,99.11000061035156,99.11000061035156,99.11000061035156,0,BTC
2021-07-01 00:00:00-04:00,99.11000061035156,99.11000061035156,99.11000061035156,99.11000061035156,99.11000061035156,0,BTC
2021-07-02 00:00:00-04:00,99.11000061035156,99.11000061035156,99.11000061035156,99.11000061035156,99.11000061035156,0,BTC
2021-07-06 00:00:00-04:00,99.11000061035156,99.11000061035156,99.11000061035156,99.11000061035156,99.11000061035156,0,BTC
2021-07-07 00:00:00-04:00,99.11000061035156,99.11000061035156,99.11000061035156,99.11000061035156,99.11000061035156,0,BTC
2021-07-08 00:00:00-04:00,99.11000061035156,99.11000061035156,99.11000061035156,99.11000061035156,99.11000061035156,0,BTC
2021-07-09 00:00:00-04:00,99.11000061035156,99.11000061035156,99.11000061035156,99.11000061035156,99.11000061035156,0,BTC
2021-07-12 00:00:00-04:00,99.11000061035156,99.11000061035156,99.11000061035156,99.11000061035156,99.11000061035156,0,BTC
2021-07-13 00:00:00-04:00,99.11000061035156,99.11000061035156,99.11000061035156,99.11000061035156,99.11000061035156,0,BTC
2021-07-14 00:00:00-04:00,99.11000061035156,99.11000061035156,99.11000061035156,99.11000061035156,99.11000061035156,0,BTC
2021-07-15 00:00:00-04:00,99.11000061035156,99.11000061035156,99.11000061035156,99.11000061035156,99.11000061035156,0,BTC
2021-07-16 00:00:00-04:00,99.11000061035156,99.11000061035156,99.11000061035156,99.11000061035156,99.11000061035156,0,BTC
2021-07-19 00:00:00-04:00,99.66000366210938,99.66500091552734,99.58499908447266,99.65029907226562,99.65029907226562,20415,BTC
2021-07-20 00:00:00-04:00,99.7073974609375,99.7073974609375,99.7073974609375,99.7073974609375,99.7073974609375,37,BTC
2021-07-21 00:00:00-04:00,99.55500030517578,99.55500030517578,99.54830169677734,99.54830169677734,99.54830169677734,158,BTC
2021-07-22 00:00:00-04:00,99.63999938964844,99.64520263671875,99.63819885253906,99.63819885253906,99.63819885253906,203,BTC
2021-07-23 00:00:00-04:00,99.62010192871094,99.69000244140625,99.62010192871094,99.64099884033203,99.64099884033203,14144,BTC
2021-07-26 00:00:00-04:00,99.67500305175781,99.67500305175781,99.63899993896484,99.65249633789062,99.65249633789062,1736,BTC
2021-07-27 00:00:00-04:00,99.71540069580078,99.71540069580078,99.71540069580078,99.71540069580078,99.71540069580078,14,BTC
2021-07-28 00:00:00-04:00,99.69499969482422,99.75499725341797,99.69499969482422,99.75499725341797,99.75499725341797,163,BTC
2021-07-29 00:00:00-04:00,99.68099975585938,99.70369720458984,99.68000030517578,99.70369720458984,99.70369720458984,509,BTC
2021-07-30 00:00:00-04:00,99.69999694824219,99.77670288085938,99.69999694824219,99.77670288085938,99.77670288085938,213,BTC
2021-08-02 00:00:00-04:00,99.9010009765625,99.9010009765625,99.9010009765625,99.9010009765625,99.9010009765625,254,BTC
2021-08-03 00:00:00-04:00,99.90470123291016,99.90470123291016,99.90470123291016,99.90470123291016,99.90470123291016,5,BTC
2021-08-04 00:00:00-04:00,99.84660339355469,99.84660339355469,99.84660339355469,99.84660339355469,99.84660339355469,55,BTC
2021-08-05 00:00:00-04:00,99.73500061035156,99.73500061035156,99.73500061035156,99.73500061035156,99.73500061035156,73,BTC
2021-08-06 00:00:00-04:00,99.55850219726562,99.55850219726562,99.55850219726562,99.55850219726562,99.55850219726562,4,BTC
2021-08-09 00:00:00-04:00,99.47740173339844,99.47740173339844,99.47740173339844,99.47740173339844,99.47740173339844,4,BTC
2021-08-10 00:00:00-04:00,99.3948974609375,99.3948974609375,99.38929748535156,99.38929748535156,99.38929748535156,118,BTC
2021-08-11 00:00:00-04:00,99.44999694824219,99.46929931640625,99.38999938964844,99.46929931640625,99.46929931640625,530,BTC
2021-08-12 00:00:00-04:00,99.4489974975586,99.4489974975586,99.44499969482422,99.44499969482422,99.44499969482422,243,BTC
2021-08-13 00:00:00-04:00,99.5824966430664,99.5824966430664,99.5824966430664,99.5824966430664,99.5824966430664,4,BTC
2021-08-16 00:00:00-04:00,99.63999938964844,99.64959716796875,99.63999938964844,99.64959716796875,99.64959716796875,120,BTC
2021-08-17 00:00:00-04:00,99.18000030517578,99.5999984741211,99.18000030517578,99.5999984741211,99.5999984741211,326,BTC
2021-08-18 00:00:00-04:00,99.57499694824219,99.57499694824219,99.55000305175781,99.55000305175781,99.55000305175781,425,BTC
2021-08-19 00:00:00-04:00,99.6050033569336,99.6050033569336,99.6050033569336,99.6050033569336,99.6050033569336,136,BTC
2021-08-20 00:00:00-04:00,99.5696029663086,99.5696029663086,99.5696029663086,99.5696029663086,99.5696029663086,4,BTC
2021-08-23 00:00:00-04:00,99.59320068359375,99.59320068359375,99.59320068359375,99.59320068359375,99.59320068359375,138,BTC
2021-08-24 00:00:00-04:00,99.54100036621094,99.58000183105469,99.53500366210938,99.53500366210938,99.53500366210938,910,BTC
2021-08-25 00:00:00-04:00,99.44499969482422,99.44499969482422,99.44499969482422,99.44499969482422,99.44499969482422,94,BTC
2021-08-26 00:00:00-04:00,99.44000244140625,99.45850372314453,99.44000244140625,99.45850372314453,99.45850372314453,2006,BTC
2021-08-27 00:00:00-04:00,99.5864028930664,99.5864028930664,99.5864028930664,99.5864028930664,99.5864028930664,2,BTC
2021-08-30 00:00:00-04:00,99.68499755859375,99.68499755859375,99.68499755859375,99.68499755859375,99.68499755859375,74,BTC
2021-08-31 00:00:00-04:00,99.6500015258789,99.69499969482422,99.63999938964844,99.69499969482422,99.69499969482422,126287,BTC
2021-09-01 00:00:00-04:00,99.71900177001953,99.71900177001953,99.68000030517578,99.68000030517578,99.68000030517578,103,BTC
2021-09-02 00:00:00-04:00,99.76000213623047,99.76000213623047,99.72000122070312,99.72019958496094,99.72019958496094,572,BTC
2021-09-03 00:00:00-04:00,99.72000122070312,99.75,99.69000244140625,99.69000244140625,99.69000244140625,1509,BTC
2021-09-07 00:00:00-04:00,99.57599639892578,99.57599639892578,99.55509948730469,99.55509948730469,99.55509948730469,862,BTC
2021-09-08 00:00:00-04:00,99.61000061035156,99.61000061035156,99.61000061035156,99.61000061035156,99.61000061035156,200,BTC
2021-09-09 00:00:00-04:00,99.7249984741211,99.7249984741211,99.7249984741211,99.7249984741211,99.7249984741211,24,BTC
2021-09-10 00:00:00-04:00,99.63500213623047,99.63500213623047,99.63500213623047,99.63500213623047,99.63500213623047,13,BTC
2021-09-13 00:00:00-04:00,99.56439971923828,99.61499786376953,99.56439971923828,99.61499786376953,99.61499786376953,209,BTC
2021-09-14 00:00:00-04:00,99.73500061035156,99.73500061035156,99.69000244140625,99.73500061035156,99.73500061035156,1008,BTC
2021-09-15 00:00:00-04:00,99.70989990234375,99.70989990234375,99.66000366210938,99.66000366210938,99.66000366210938,102,BTC
2021-09-16 00:00:00-04:00,99.53009796142578,99.58000183105469,99.52999877929688,99.58000183105469,99.58000183105469,877,BTC
2021-09-17 00:00:00-04:00,99.38999938964844,99.46499633789062,99.38999938964844,99.46499633789062,99.46499633789062,502,BTC
2021-09-20 00:00:00-04:00,99.41010284423828,99.625,99.41010284423828,99.625,99.625,110,BTC
2021-09-21 00:00:00-04:00,99.58779907226562,99.58999633789062,99.58779907226562,99.58999633789062,99.58999633789062,464,BTC
2021-09-22 00:00:00-04:00,99.55000305175781,99.55000305175781,99.55000305175781,99.55000305175781,99.55000305175781,122,BTC
2021-09-23 00:00:00-04:00,99.39990234375,99.39990234375,99.26000213623047,99.2947006225586,99.2947006225586,2339,BTC
2021-09-24 00:00:00-04:00,99.19999694824219,99.19999694824219,99.19000244140625,99.19000244140625,99.19000244140625,171,BTC
2021-09-27 00:00:00-04:00,99.18000030517578,99.18000030517578,99.18000030517578,99.18000030517578,99.18000030517578,52,BTC
2021-09-28 00:00:00-04:00,98.96499633789062,98.96499633789062,98.96499633789062,98.96499633789062,98.96499633789062,12,BTC
2021-09-29 00:00:00-04:00,98.98490142822266,98.98490142822266,98.98490142822266,98.98490142822266,98.98490142822266,33,BTC
2021-09-30 00:00:00-04:00,99.0199966430664,99.0199966430664,99.0199966430664,99.0199966430664,99.0199966430664,76,BTC
2021-10-01 00:00:00-04:00,99.18000030517578,99.18000030517578,99.18000030517578,99.18000030517578,99.18000030517578,18,BTC
2021-10-04 00:00:00-04:00,99.1500015258789,99.1500015258789,99.1500015258789,99.1500015258789,99.1500015258789,6,BTC
2021-10-05 00:00:00-04:00,99.06500244140625,99.06500244140625,99.06500244140625,99.06500244140625,99.06500244140625,16,BTC
2021-10-06 00:00:00-04:00,99.05999755859375,99.05999755859375,99.05999755859375,99.05999755859375,99.05999755859375,5,BTC
2021-10-07 00:00:00-04:00,98.90969848632812,98.91500091552734,98.90969848632812,98.91500091552734,98.91500091552734,252,BTC
2021-10-08 00:00:00-04:00,98.86000061035156,98.86000061035156,98.86000061035156,98.86000061035156,98.86000061035156,6,BTC
2021-10-11 00:00:00-04:00,98.76499938964844,98.76499938964844,98.72440338134766,98.72440338134766,98.72440338134766,125,BTC
2021-10-12 00:00:00-04:00,98.82499694824219,98.82499694824219,98.82499694824219,98.82499694824219,98.82499694824219,26,BTC
2021-10-13 00:00:00-04:00,98.83699798583984,98.83699798583984,98.83699798583984,98.83699798583984,98.83699798583984,51,BTC
2021-10-14 00:00:00-04:00,98.94000244140625,98.94000244140625,98.94000244140625,98.94000244140625,98.94000244140625,6,BTC
2021-10-15 00:00:00-04:00,98.7750015258789,98.7750015258789,98.7750015258789,98.7750015258789,98.7750015258789,4,BTC
2021-10-18 00:00:00-04:00,98.66999816894531,98.66999816894531,98.66999816894531,98.66999816894531,98.66999816894531,2,BTC
2021-10-19 00:00:00-04:00,98.58000183105469,98.59500122070312,98.58000183105469,98.59500122070312,98.59500122070312,254,BTC
2021-10-20 00:00:00-04:00,98.56999969482422,98.69000244140625,98.56999969482422,98.67449951171875,98.67449951171875,845,BTC
2021-10-21 00:00:00-04:00,98.4749984741211,98.4749984741211,98.4749984741211,98.4749984741211,98.4749984741211,100,BTC
2021-10-22 00:00:00-04:00,98.4000015258789,98.51180267333984,98.4000015258789,98.51180267333984,98.51180267333984,205,BTC
2021-10-25 00:00:00-04:00,98.56999969482422,98.56999969482422,98.56999969482422,98.56999969482422,98.56999969482422,48,BTC
2021-10-26 00:00:00-04:00,98.62999725341797,98.62999725341797,98.62999725341797,98.62999725341797,98.62999725341797,50716,BTC
2021-10-27 00:00:00-04:00,98.7699966430664,98.7699966430664,98.7699966430664,98.7699966430664,98.7699966430664,8,BTC
2021-10-28 00:00:00-04:00,98.63999938964844,98.6500015258789,98.63999938964844,98.6500015258789,98.6500015258789,307,BTC
2021-10-29 00:00:00-04:00,98.68060302734375,98.68060302734375,98.68060302734375,98.68060302734375,98.68060302734375,7,BTC
2021-11-01 00:00:00-04:00,98.66999816894531,98.68000030517578,98.52999877929688,98.61720275878906,98.61720275878906,1840,BTC
2021-11-02 00:00:00-04:00,98.75,98.75,98.75,98.75,98.75,157,BTC
2021-11-03 00:00:00-04:00,98.69999694824219,98.7699966430664,98.69499969482422,98.69499969482422,98.69499969482422,610,BTC
2021-11-04 00:00:00-04:00,98.91010284423828,98.91010284423828,98.91010284423828,98.91010284423828,98.91010284423828,41,BTC
2021-11-05 00:00:00-04:00,99.04499816894531,99.11000061035156,99.01000213623047,99.11000061035156,99.11000061035156,924,BTC
2021-11-08 00:00:00-05:00,98.94999694824219,98.97989654541016,98.87999725341797,98.92500305175781,98.92500305175781,2454,BTC
2021-11-09 00:00:00-05:00,99.06400299072266,99.06400299072266,99.06400299072266,99.06400299072266,99.06400299072266,4,BTC
2021-11-10 00:00:00-05:00,98.69999694824219,98.69999694824219,98.69999694824219,98.69999694824219,98.69999694824219,9,BTC
2021-11-11 00:00:00-05:00,98.58499908447266,98.58499908447266,98.58499908447266,98.58499908447266,98.58499908447266,12,BTC
2021-11-12 00:00:00-05:00,98.7300033569336,98.7300033569336,98.55000305175781,98.6343002319336,98.6343002319336,1549,BTC
2021-11-15 00:00:00-05:00,98.5071029663086,98.5071029663086,98.5071029663086,98.5071029663086,98.5071029663086,3,BTC
2021-11-16 00:00:00-05:00,98.5000991821289,98.5000991821289,98.44999694824219,98.44999694824219,98.44999694824219,466,BTC
2021-11-17 00:00:00-05:00,98.52999877929688,98.52999877929688,98.52999877929688,98.52999877929688,98.52999877929688,42,BTC
2021-11-18 00:00:00-05:00,98.63999938964844,98.63999938964844,98.58000183105469,98.58000183105469,98.58000183105469,1041,BTC
2021-11-19 00:00:00-05:00,98.6050033569336,98.6050033569336,98.6050033569336,98.6050033569336,98.6050033569336,338,BTC
2021-11-22 00:00:00-05:00,98.2699966430664,98.2699966430664,98.2699966430664,98.2699966430664,98.2699966430664,26,BTC
2021-11-23 00:00:00-05:00,98.17250061035156,98.17250061035156,98.17250061035156,98.17250061035156,98.17250061035156,4,BTC
2021-11-24 00:00:00-05:00,98.18499755859375,98.18499755859375,98.18499755859375,98.18499755859375,98.18499755859375,12,BTC
2021-11-26 00:00:00-05:00,98.59989929199219,98.59989929199219,98.5479965209961,98.5479965209961,98.5479965209961,174,BTC
2021-11-29 00:00:00-05:00,98.55000305175781,98.58999633789062,98.55000305175781,98.56500244140625,98.56500244140625,2489,BTC
2021-11-30 00:00:00-05:00,98.88999938964844,98.88999938964844,98.6405029296875,98.6405029296875,98.6405029296875,354054,BTC
2021-12-01 00:00:00-05:00,98.61270141601562,98.61270141601562,98.61270141601562,98.61270141601562,98.61270141601562,13,BTC
2021-12-02 00:00:00-05:00,98.5824966430664,98.5824966430664,98.5824966430664,98.5824966430664,98.5824966430664,5,BTC
2021-12-03 00:00:00-05:00,98.79000091552734,98.80339813232422,98.76809692382812,98.76809692382812,98.76809692382812,2036,BTC
2021-12-06 00:00:00-05:00,98.59500122070312,98.59500122070312,98.59500122070312,98.59500122070312,98.59500122070312,38,BTC
2021-12-07 00:00:00-05:00,98.51000213623047,98.51000213623047,98.51000213623047,98.51000213623047,98.51000213623047,88,BTC
2021-12-08 00:00:00-05:00,98.39099884033203,98.44499969482422,98.39099884033203,98.44499969482422,98.44499969482422,752,BTC
2021-12-09 00:00:00-05:00,98.4800033569336,98.49459838867188,98.46880340576172,98.46880340576172,98.46880340576172,308,BTC
2021-12-10 00:00:00-05:00,98.51000213623047,98.51000213623047,98.51000213623047,98.51000213623047,98.51000213623047,71,BTC
2021-12-13 00:00:00-05:00,98.56659698486328,98.63500213623047,98.56659698486328,98.63500213623047,98.63500213623047,1116,BTC
2021-12-14 00:00:00-05:00,98.54499816894531,98.54499816894531,98.54499816894531,98.54499816894531,98.54499816894531,3,BTC
2021-12-15 00:00:00-05:00,98.43399810791016,98.443603515625,98.43399810791016,98.443603515625,98.443603515625,1005,BTC
2021-12-16 00:00:00-05:00,98.63099670410156,98.65119934082031,98.62449645996094,98.65119934082031,98.65119934082031,597,BTC
2021-12-17 00:00:00-05:00,98.63999938964844,98.63999938964844,98.63999938964844,98.63999938964844,98.63999938964844,54,BTC
2021-12-20 00:00:00-05:00,98.6449966430664,98.6449966430664,98.6449966430664,98.6449966430664,98.6449966430664,48,BTC
2021-12-21 00:00:00-05:00,98.5,98.5,98.5,98.5,98.5,199,BTC
2021-12-22 00:00:00-05:00,98.591796875,98.591796875,98.591796875,98.591796875,98.591796875,2,BTC
2021-12-23 00:00:00-05:00,98.52999877929688,98.54170227050781,98.52999877929688,98.54170227050781,98.54170227050781,505,BTC
2021-12-27 00:00:00-05:00,98.54000091552734,98.55000305175781,98.2699966430664,98.55000305175781,98.55000305175781,2513,BTC
2021-12-28 00:00:00-05:00,98.61000061035156,98.61000061035156,98.58999633789062,98.58999633789062,98.58999633789062,160,BTC
2021-12-29 00:00:00-05:00,98.47000122070312,98.48500061035156,98.47000122070312,98.48500061035156,98.48500061035156,402,BTC
2021-12-30 00:00:00-05:00,98.6094970703125,98.6094970703125,98.6094970703125,98.6094970703125,98.6094970703125,83,BTC
2021-12-31 00:00:00-05:00,98.58499908447266,98.58499908447266,98.58499908447266,98.58499908447266,98.58499908447266,5,BTC
2022-01-03 00:00:00-05:00,98.30999755859375,98.30999755859375,98.2947006225586,98.2947006225586,98.2947006225586,177,BTC
2022-01-04 00:00:00-05:00,98.27999877929688,98.29149627685547,98.27999877929688,98.29149627685547,98.29149627685547,356148,BTC
2022-01-05 00:00:00-05:00,98.25,98.2699966430664,98.09010314941406,98.09639739990234,98.09639739990234,356863,BTC
2022-01-06 00:00:00-05:00,97.98500061035156,97.98500061035156,97.98500061035156,97.98500061035156,97.98500061035156,104,BTC
2022-01-07 00:00:00-05:00,97.89459991455078,97.89459991455078,97.89459991455078,97.89459991455078,97.89459991455078,3,BTC
2022-01-10 00:00:00-05:00,97.83999633789062,97.9000015258789,97.83000183105469,97.84510040283203,97.84510040283203,8362,BTC
2022-01-11 00:00:00-05:00,97.8499984741211,97.92230224609375,97.8499984741211,97.92230224609375,97.92230224609375,103,BTC
2022-01-12 00:00:00-05:00,97.92500305175781,97.92500305175781,97.91999816894531,97.91999816894531,97.91999816894531,104,BTC
2022-01-13 00:00:00-05:00,97.99099731445312,97.99099731445312,97.99099731445312,97.99099731445312,97.99099731445312,2,BTC
2022-01-14 00:00:00-05:00,97.80850219726562,97.80850219726562,97.73500061035156,97.73500061035156,97.73500061035156,133,BTC
2022-01-18 00:00:00-05:00,97.44000244140625,97.44000244140625,97.41069793701172,97.41069793701172,97.41069793701172,163,BTC
2022-01-19 00:00:00-05:00,97.50499725341797,97.50499725341797,97.49420166015625,97.49420166015625,97.49420166015625,103,BTC
2022-01-20 00:00:00-05:00,97.50260162353516,97.50260162353516,97.50260162353516,97.50260162353516,97.50260162353516,2,BTC
2022-01-21 00:00:00-05:00,97.69000244140625,97.69000244140625,97.69000244140625,97.69000244140625,97.69000244140625,84,BTC
2022-01-24 00:00:00-05:00,97.7698974609375,97.83999633789062,97.71019744873047,97.71019744873047,97.71019744873047,6378,BTC
2022-01-25 00:00:00-05:00,97.67009735107422,97.67009735107422,97.63159942626953,97.63159942626953,97.63159942626953,106,BTC
2022-01-26 00:00:00-05:00,97.3395004272461,97.3395004272461,97.3395004272461,97.3395004272461,97.3395004272461,5,BTC
2022-01-27 00:00:00-05:00,97.38899993896484,97.38899993896484,97.30999755859375,97.30999755859375,97.30999755859375,206,BTC
2022-01-28 00:00:00-05:00,97.31099700927734,97.41210174560547,97.31099700927734,97.41210174560547,97.41210174560547,925,BTC
2022-01-31 00:00:00-05:00,97.45099639892578,97.45099639892578,97.41739654541016,97.41739654541016,97.41739654541016,935,BTC
2022-02-01 00:00:00-05:00,97.40499877929688,97.40499877929688,97.4000015258789,97.4000015258789,97.4000015258789,280,BTC
2022-02-02 00:00:00-05:00,97.47419738769531,97.47419738769531,97.47419738769531,97.47419738769531,97.47419738769531,4,BTC
2022-02-03 00:00:00-05:00,97.30899810791016,97.30989837646484,97.25499725341797,97.30989837646484,97.30989837646484,221,BTC
2022-02-04 00:00:00-05:00,96.92900085449219,96.92900085449219,96.92500305175781,96.92500305175781,96.92500305175781,104,BTC
2022-02-07 00:00:00-05:00,96.95040130615234,96.96839904785156,96.95040130615234,96.96839904785156,96.96839904785156,502,BTC
2022-02-08 00:00:00-05:00,96.82769775390625,96.82769775390625,96.82769775390625,96.82769775390625,96.82769775390625,3,BTC
2022-02-09 00:00:00-05:00,96.8550033569336,96.8550033569336,96.8550033569336,96.8550033569336,96.8550033569336,2,BTC
2022-02-10 00:00:00-05:00,96.28379821777344,96.28379821777344,96.28379821777344,96.28379821777344,96.28379821777344,2,BTC
2022-02-11 00:00:00-05:00,96.6854019165039,96.6854019165039,96.6854019165039,96.6854019165039,96.6854019165039,4,BTC
2022-02-14 00:00:00-05:00,96.42430114746094,96.42430114746094,96.42430114746094,96.42430114746094,96.42430114746094,13,BTC
2022-02-15 00:00:00-05:00,96.35900115966797,96.35900115966797,96.3550033569336,96.3550033569336,96.3550033569336,103,BTC
2022-02-16 00:00:00-05:00,96.43409729003906,96.43409729003906,96.43409729003906,96.43409729003906,96.43409729003906,2,BTC
2022-02-17 00:00:00-05:00,96.56719970703125,96.56719970703125,96.56719970703125,96.56719970703125,96.56719970703125,4,BTC
2022-02-18 00:00:00-05:00,96.64230346679688,96.64230346679688,96.64230346679688,96.64230346679688,96.64230346679688,2,BTC
2022-02-22 00:00:00-05:00,96.54000091552734,96.55000305175781,96.5239028930664,96.5239028930664,96.5239028930664,156012,BTC
2022-02-23 00:00:00-05:00,96.3904037475586,96.3904037475586,96.3904037475586,96.3904037475586,96.3904037475586,22,BTC
2022-02-24 00:00:00-05:00,96.48159790039062,96.48159790039062,96.48159790039062,96.48159790039062,96.48159790039062,48,BTC
2022-02-25 00:00:00-05:00,96.49500274658203,96.49500274658203,96.49500274658203,96.49500274658203,96.49500274658203,10,BTC
2022-02-28 00:00:00-05:00,96.93910217285156,96.93910217285156,96.93910217285156,96.93910217285156,96.93910217285156,43,BTC
2022-03-01 00:00:00-05:00,97.27999877929688,97.29209899902344,97.27999877929688,97.29209899902344,97.29209899902344,107,BTC
2022-03-02 00:00:00-05:00,97.05000305175781,97.05000305175781,96.7510986328125,96.7510986328125,96.7510986328125,316,BTC
2022-03-03 00:00:00-05:00,96.7938003540039,96.7938003540039,96.7938003540039,96.7938003540039,96.7938003540039,4,BTC
2022-03-04 00:00:00-05:00,97.056396484375,97.056396484375,97.056396484375,97.056396484375,97.056396484375,14,BTC
2022-03-07 00:00:00-05:00,96.81780242919922,96.81780242919922,96.81780242919922,96.81780242919922,96.81780242919922,2,BTC
2022-03-08 00:00:00-05:00,96.46499633789062,96.46499633789062,96.46499633789062,96.46499633789062,96.46499633789062,23,BTC
2022-03-09 00:00:00-05:00,96.26190185546875,96.26190185546875,96.26190185546875,96.26190185546875,96.26190185546875,30,BTC
2022-03-10 00:00:00-05:00,96.08499908447266,96.08499908447266,96.08499908447266,96.08499908447266,96.08499908447266,5,BTC
2022-03-11 00:00:00-05:00,96.03009796142578,96.03009796142578,96.03009796142578,96.03009796142578,96.03009796142578,139,BTC
2022-03-14 00:00:00-04:00,95.5593032836914,95.5593032836914,95.5593032836914,95.5593032836914,95.5593032836914,31,BTC
2022-03-15 00:00:00-04:00,95.54080200195312,95.54080200195312,95.54080200195312,95.54080200195312,95.54080200195312,26,BTC
2022-03-16 00:00:00-04:00,95.48580169677734,95.48580169677734,95.48580169677734,95.48580169677734,95.48580169677734,20,BTC
2022-03-17 00:00:00-04:00,95.59980010986328,95.59980010986328,95.59980010986328,95.59980010986328,95.59980010986328,23,BTC
2022-03-18 00:00:00-04:00,95.70169830322266,95.70169830322266,95.70169830322266,95.70169830322266,95.70169830322266,11,BTC
2022-03-21 00:00:00-04:00,95.1500015258789,95.16919708251953,95.14009857177734,95.15119934082031,95.15119934082031,503,BTC
2022-03-22 00:00:00-04:00,94.99700164794922,94.99700164794922,94.99700164794922,94.99700164794922,94.99700164794922,7,BTC
2022-03-23 00:00:00-04:00,95.2136001586914,95.2136001586914,95.2136001586914,95.2136001586914,95.2136001586914,1,BTC
2022-03-24 00:00:00-04:00,95.08650207519531,95.08650207519531,95.08650207519531,95.08650207519531,95.08650207519531,4,BTC
2022-03-25 00:00:00-04:00,94.62090301513672,94.62090301513672,94.62090301513672,94.62090301513672,94.62090301513672,5,BTC
2022-03-28 00:00:00-04:00,94.64620208740234,94.64620208740234,94.64620208740234,94.64620208740234,94.64620208740234,11,BTC
2022-03-29 00:00:00-04:00,94.5199966430664,94.64700317382812,94.5199966430664,94.64700317382812,94.64700317382812,1004,BTC
2022-03-30 00:00:00-04:00,94.71099853515625,94.83920288085938,94.70999908447266,94.83920288085938,94.83920288085938,2615,BTC
2022-03-31 00:00:00-04:00,95.00890350341797,95.00890350341797,94.87149810791016,94.87149810791016,94.87149810791016,906,BTC
2022-04-01 00:00:00-04:00,94.61000061035156,95.06999969482422,94.51000213623047,94.51000213623047,94.51000213623047,19678,BTC
2022-04-04 00:00:00-04:00,94.61000061035156,94.61000061035156,94.61000061035156,94.61000061035156,94.61000061035156,11,BTC
2022-04-05 00:00:00-04:00,94.18000030517578,94.18000030517578,94.16500091552734,94.16500091552734,94.16500091552734,462,BTC
2022-04-06 00:00:00-04:00,94.06999969482422,94.11100006103516,94.06999969482422,94.0999984741211,94.0999984741211,2898,BTC
2022-04-07 00:00:00-04:00,94.11000061035156,94.11000061035156,94.07530212402344,94.07530212402344,94.07530212402344,543,BTC
2022-04-08 00:00:00-04:00,93.86509704589844,93.86509704589844,93.86509704589844,93.86509704589844,93.86509704589844,1482,BTC
2022-04-11 00:00:00-04:00,93.70999908447266,93.70999908447266,93.68350219726562,93.68350219726562,93.68350219726562,327,BTC
2022-04-12 00:00:00-04:00,94.03130340576172,94.03130340576172,94.03130340576172,94.03130340576172,94.03130340576172,5,BTC
2022-04-13 00:00:00-04:00,94.05560302734375,94.05560302734375,94.05560302734375,94.05560302734375,94.05560302734375,1305,BTC
2022-04-14 00:00:00-04:00,93.71499633789062,93.71499633789062,93.71499633789062,93.71499633789062,93.71499633789062,3,BTC
2022-04-18 00:00:00-04:00,93.66500091552734,93.66500091552734,93.66500091552734,93.66500091552734,93.66500091552734,2,BTC
2022-04-19 00:00:00-04:00,93.27539825439453,93.27539825439453,93.27539825439453,93.27539825439453,93.27539825439453,6221,BTC
2022-04-20 00:00:00-04:00,93.4000015258789,93.4000015258789,93.4000015258789,93.4000015258789,93.4000015258789,127,BTC
2022-04-21 00:00:00-04:00,93.22920227050781,93.22920227050781,93.22920227050781,93.22920227050781,93.22920227050781,3,BTC
2022-04-22 00:00:00-04:00,93.1636962890625,93.1636962890625,93.1636962890625,93.1636962890625,93.1636962890625,7,BTC
2022-04-25 00:00:00-04:00,93.4000015258789,93.44999694824219,93.4000015258789,93.44999694824219,93.44999694824219,404,BTC
2022-04-26 00:00:00-04:00,93.6500015258789,93.68060302734375,93.61489868164062,93.68060302734375,93.68060302734375,450,BTC
2022-04-27 00:00:00-04:00,93.62000274658203,93.62000274658203,93.51490020751953,93.51490020751953,93.51490020751953,514,BTC
2022-04-28 00:00:00-04:00,93.31050109863281,93.40280151367188,93.31050109863281,93.40280151367188,93.40280151367188,320,BTC
2022-04-29 00:00:00-04:00,93.26000213623047,93.2699966430664,93.23870086669922,93.23870086669922,93.23870086669922,11026,BTC
2022-05-02 00:00:00-04:00,92.88860321044922,92.88860321044922,92.88860321044922,92.88860321044922,92.88860321044922,2,BTC
2022-05-03 00:00:00-04:00,93.0999984741211,93.0999984741211,92.94519805908203,92.94519805908203,92.94519805908203,755,BTC
2022-05-04 00:00:00-04:00,92.87999725341797,93.27670288085938,92.87999725341797,93.27670288085938,93.27670288085938,803,BTC
2022-05-05 00:00:00-04:00,92.98100280761719,92.98100280761719,92.79000091552734,92.96050262451172,92.96050262451172,436,BTC
2022-05-06 00:00:00-04:00,92.79000091552734,92.79000091552734,92.79000091552734,92.79000091552734,92.79000091552734,63,BTC
2022-05-09 00:00:00-04:00,92.91000366210938,93.08080291748047,92.91000366210938,93.08080291748047,93.08080291748047,1373,BTC
2022-05-10 00:00:00-04:00,93.19000244140625,93.19999694824219,93.19000244140625,93.19170379638672,93.19170379638672,399,BTC
2022-05-11 00:00:00-04:00,93.30999755859375,93.30999755859375,93.30999755859375,93.30999755859375,93.30999755859375,20,BTC
2022-05-12 00:00:00-04:00,93.47969818115234,93.47969818115234,93.47969818115234,93.47969818115234,93.47969818115234,29,BTC
2022-05-13 00:00:00-04:00,93.30500030517578,93.30500030517578,93.30500030517578,93.30500030517578,93.30500030517578,11,BTC
2022-05-16 00:00:00-04:00,93.52989959716797,93.52989959716797,93.45999908447266,93.4749984741211,93.4749984741211,614,BTC
2022-05-17 00:00:00-04:00,93.0896987915039,93.0896987915039,93.0896987915039,93.0896987915039,93.0896987915039,3,BTC
2022-05-18 00:00:00-04:00,93.26000213623047,93.29000091552734,93.24500274658203,93.24500274658203,93.24500274658203,601,BTC
2022-05-19 00:00:00-04:00,93.44429779052734,93.44429779052734,93.44429779052734,93.44429779052734,93.44429779052734,2,BTC
2022-05-20 00:00:00-04:00,93.6095962524414,93.6095962524414,93.6095962524414,93.6095962524414,93.6095962524414,7,BTC
2022-05-23 00:00:00-04:00,93.41999816894531,93.41999816894531,93.41999816894531,93.41999816894531,93.41999816894531,3,BTC
2022-05-24 00:00:00-04:00,93.84989929199219,93.84989929199219,93.8124008178711,93.8124008178711,93.8124008178711,199,BTC
2022-05-25 00:00:00-04:00,94.00789642333984,94.00789642333984,94.00789642333984,94.00789642333984,94.00789642333984,82,BTC
2022-05-26 00:00:00-04:00,93.99400329589844,94.08999633789062,93.99400329589844,94.08999633789062,94.08999633789062,250,BTC
2022-05-27 00:00:00-04:00,94.08999633789062,94.13999938964844,94.08999633789062,94.13999938964844,94.13999938964844,147,BTC
2022-05-31 00:00:00-04:00,93.77999877929688,93.7925033569336,93.75499725341797,93.7925033569336,93.7925033569336,268,BTC
2022-06-01 00:00:00-04:00,93.55999755859375,93.55999755859375,93.45140075683594,93.49500274658203,93.49500274658203,391,BTC
2022-06-02 00:00:00-04:00,93.54499816894531,93.54499816894531,93.54499816894531,93.54499816894531,93.54499816894531,2,BTC
2022-06-03 00:00:00-04:00,93.44999694824219,93.62999725341797,93.44999694824219,93.45439910888672,93.45439910888672,1692,BTC
2022-06-06 00:00:00-04:00,93.1990966796875,93.1990966796875,93.1990966796875,93.1990966796875,93.1990966796875,3,BTC
2022-06-07 00:00:00-04:00,93.31790161132812,93.31790161132812,93.31790161132812,93.31790161132812,93.31790161132812,7,BTC
2022-06-08 00:00:00-04:00,93.17500305175781,93.17500305175781,93.17500305175781,93.17500305175781,93.17500305175781,3,BTC
2022-06-09 00:00:00-04:00,93.07959747314453,93.07959747314453,93.05000305175781,93.05000305175781,93.05000305175781,181,BTC
2022-06-10 00:00:00-04:00,92.72000122070312,92.72000122070312,92.43260192871094,92.43260192871094,92.43260192871094,153,BTC
2022-06-13 00:00:00-04:00,91.7699966430664,91.7699966430664,91.5270004272461,91.5270004272461,91.5270004272461,114,BTC
2022-06-14 00:00:00-04:00,91.17839813232422,91.17839813232422,91.17839813232422,91.17839813232422,91.17839813232422,18,BTC
2022-06-15 00:00:00-04:00,91.86000061035156,91.86000061035156,91.86000061035156,91.86000061035156,91.86000061035156,12,BTC
2022-06-16 00:00:00-04:00,92.07510375976562,92.07510375976562,92.07510375976562,92.07510375976562,92.07510375976562,2,BTC
2022-06-17 00:00:00-04:00,92.03780364990234,92.03780364990234,92.03780364990234,92.03780364990234,92.03780364990234,52,BTC
2022-06-21 00:00:00-04:00,91.90499877929688,91.90499877929688,91.90499877929688,91.90499877929688,91.90499877929688,12,BTC
2022-06-22 00:00:00-04:00,92.39469909667969,92.39469909667969,92.39469909667969,92.39469909667969,92.39469909667969,1,BTC
2022-06-23 00:00:00-04:00,92.59760284423828,92.59760284423828,92.59760284423828,92.59760284423828,92.59760284423828,90,BTC
2022-06-24 00:00:00-04:00,92.5999984741211,92.5999984741211,92.54499816894531,92.54499816894531,92.54499816894531,270,BTC
2022-06-27 00:00:00-04:00,92.39700317382812,92.39700317382812,92.31700134277344,92.31700134277344,92.31700134277344,366,BTC
2022-06-28 00:00:00-04:00,92.2145004272461,92.2145004272461,92.2145004272461,92.2145004272461,92.2145004272461,7,BTC
2022-06-29 00:00:00-04:00,92.43000030517578,92.5,92.42990112304688,92.5,92.5,487,BTC
2022-06-30 00:00:00-04:00,92.87789916992188,92.87789916992188,92.87789916992188,92.87789916992188,92.87789916992188,98,BTC
2022-07-01 00:00:00-04:00,93.42500305175781,93.42500305175781,93.42500305175781,93.42500305175781,93.42500305175781,84,BTC
2022-07-05 00:00:00-04:00,93.55000305175781,93.55000305175781,93.55000305175781,93.55000305175781,93.55000305175781,110,BTC
2022-07-06 00:00:00-04:00,93.18499755859375,93.18499755859375,93.10140228271484,93.10140228271484,93.10140228271484,302,BTC
2022-07-07 00:00:00-04:00,92.91500091552734,92.91500091552734,92.91500091552734,92.91500091552734,92.91500091552734,4,BTC
2022-07-08 00:00:00-04:00,92.76000213623047,92.76000213623047,92.76000213623047,92.76000213623047,92.76000213623047,1,BTC
2022-07-11 00:00:00-04:00,92.95210266113281,92.95210266113281,92.95210266113281,92.95210266113281,92.95210266113281,3,BTC
2022-07-12 00:00:00-04:00,93.0999984741211,93.0999984741211,93.0999984741211,93.0999984741211,93.0999984741211,4,BTC
2022-07-13 00:00:00-04:00,93.06680297851562,93.12580108642578,93.06680297851562,93.12580108642578,93.12580108642578,186,BTC
2022-07-14 00:00:00-04:00,92.99669647216797,92.99669647216797,92.99669647216797,92.99669647216797,92.99669647216797,2,BTC
2022-07-15 00:00:00-04:00,93.09500122070312,93.09500122070312,93.09500122070312,93.09500122070312,93.09500122070312,2,BTC
2022-07-18 00:00:00-04:00,92.8499984741211,93.04499816894531,92.8499984741211,93.04499816894531,93.04499816894531,134,BTC
2022-07-19 00:00:00-04:00,92.83670043945312,92.83670043945312,92.83670043945312,92.83670043945312,92.83670043945312,3,BTC
2022-07-20 00:00:00-04:00,92.78500366210938,92.78500366210938,92.78500366210938,92.78500366210938,92.78500366210938,1,BTC
2022-07-21 00:00:00-04:00,93.31610107421875,93.31610107421875,93.31610107421875,93.31610107421875,93.31610107421875,37,BTC
2022-07-22 00:00:00-04:00,93.78109741210938,93.78109741210938,93.78109741210938,93.78109741210938,93.78109741210938,76,BTC
2022-07-25 00:00:00-04:00,93.6500015258789,93.6500015258789,93.6500015258789,93.6500015258789,93.6500015258789,3,BTC
2022-07-26 00:00:00-04:00,93.77989959716797,93.77989959716797,93.59880065917969,93.59880065917969,93.59880065917969,482,BTC
2022-07-27 00:00:00-04:00,93.7699966430664,93.91000366210938,93.7699966430664,93.91000366210938,93.91000366210938,103,BTC
2022-07-28 00:00:00-04:00,94.36000061035156,94.36000061035156,94.33499908447266,94.33499908447266,94.33499908447266,402,BTC
2022-07-29 00:00:00-04:00,94.38999938964844,94.41500091552734,94.38999938964844,94.41500091552734,94.41500091552734,371,BTC
2022-08-01 00:00:00-04:00,94.52999877929688,94.52999877929688,94.49500274658203,94.49500274658203,94.49500274658203,365,BTC
2022-08-02 00:00:00-04:00,94.2249984741211,94.2249984741211,93.80000305175781,93.84500122070312,93.84500122070312,10729,BTC
2022-08-03 00:00:00-04:00,93.6500015258789,93.98320007324219,93.6500015258789,93.98320007324219,93.98320007324219,376,BTC
2022-08-04 00:00:00-04:00,94.05000305175781,94.1843032836914,94.05000305175781,94.1843032836914,94.1843032836914,9768,BTC
2022-08-05 00:00:00-04:00,93.59480285644531,93.59480285644531,93.59480285644531,93.59480285644531,93.59480285644531,1,BTC
2022-08-08 00:00:00-04:00,93.7750015258789,93.7750015258789,93.7750015258789,93.7750015258789,93.7750015258789,24,BTC
2022-08-09 00:00:00-04:00,93.56159973144531,93.61160278320312,93.56159973144531,93.61160278320312,93.61160278320312,403,BTC
2022-08-10 00:00:00-04:00,93.9000015258789,93.9000015258789,93.8949966430664,93.8949966430664,93.8949966430664,236,BTC
2022-08-11 00:00:00-04:00,93.55609893798828,93.55609893798828,93.55609893798828,93.55609893798828,93.55609893798828,18,BTC
2022-08-12 00:00:00-04:00,93.71299743652344,93.71299743652344,93.71299743652344,93.71299743652344,93.71299743652344,7,BTC
2022-08-15 00:00:00-04:00,93.95989990234375,93.95989990234375,93.87429809570312,93.87429809570312,93.87429809570312,157,BTC
2022-08-16 00:00:00-04:00,93.74230194091797,93.74230194091797,93.74230194091797,93.74230194091797,93.74230194091797,3,BTC
2022-08-17 00:00:00-04:00,93.427001953125,93.427001953125,93.427001953125,93.427001953125,93.427001953125,2,BTC
2022-08-18 00:00:00-04:00,93.55000305175781,93.55000305175781,93.5250015258789,93.52510070800781,93.52510070800781,6692,BTC
2022-08-19 00:00:00-04:00,93.30000305175781,93.30000305175781,93.30000305175781,93.30000305175781,93.30000305175781,1,BTC
2022-08-22 00:00:00-04:00,93.10009765625,93.10009765625,93.05500030517578,93.05500030517578,93.05500030517578,348,BTC
2022-08-23 00:00:00-04:00,93.04499816894531,93.04499816894531,93.0072021484375,93.0072021484375,93.0072021484375,4602,BTC
2022-08-24 00:00:00-04:00,92.83999633789062,92.8583984375,92.83000183105469,92.8583984375,92.8583984375,1259,BTC
2022-08-25 00:00:00-04:00,93.11239624023438,93.11239624023438,93.11239624023438,93.11239624023438,93.11239624023438,1,BTC
2022-08-26 00:00:00-04:00,93.0199966430664,93.0199966430664,93.00499725341797,93.00499725341797,93.00499725341797,226,BTC
2022-08-29 00:00:00-04:00,92.7593002319336,92.7593002319336,92.73999786376953,92.73999786376953,92.73999786376953,799,BTC
2022-08-30 00:00:00-04:00,92.69660186767578,92.69660186767578,92.69660186767578,92.69660186767578,92.69660186767578,3,BTC
2022-08-31 00:00:00-04:00,92.69999694824219,92.72000122070312,92.66500091552734,92.66500091552734,92.66500091552734,2715,BTC
2022-09-01 00:00:00-04:00,92.28500366210938,92.30000305175781,92.28399658203125,92.28399658203125,92.28399658203125,756,BTC
2022-09-02 00:00:00-04:00,92.56999969482422,92.57009887695312,92.5250015258789,92.57009887695312,92.57009887695312,2001,BTC
2022-09-06 00:00:00-04:00,92.11740112304688,92.11740112304688,92.11740112304688,92.11740112304688,92.11740112304688,19,BTC
2022-09-07 00:00:00-04:00,92.30999755859375,92.41419982910156,92.30999755859375,92.41419982910156,92.41419982910156,293,BTC
2022-09-08 00:00:00-04:00,92.27429962158203,92.27429962158203,92.27429962158203,92.27429962158203,92.27429962158203,4,BTC
2022-09-09 00:00:00-04:00,92.22119903564453,92.22119903564453,92.22119903564453,92.22119903564453,92.22119903564453,58,BTC
2022-09-12 00:00:00-04:00,92.17330169677734,92.17330169677734,92.17330169677734,92.17330169677734,92.17330169677734,36,BTC
2022-09-13 00:00:00-04:00,91.70999908447266,91.75879669189453,91.69999694824219,91.75879669189453,91.75879669189453,2403,BTC
2022-09-14 00:00:00-04:00,91.6510009765625,91.79000091552734,91.6500015258789,91.72840118408203,91.72840118408203,1854,BTC
2022-09-15 00:00:00-04:00,91.58499908447266,91.58499908447266,91.54499816894531,91.54499816894531,91.54499816894531,127,BTC
2022-09-16 00:00:00-04:00,91.6449966430664,91.6449966430664,91.6449966430664,91.6449966430664,91.6449966430664,4,BTC
2022-09-19 00:00:00-04:00,91.44999694824219,91.44999694824219,91.44889831542969,91.44889831542969,91.44889831542969,116,BTC
2022-09-20 00:00:00-04:00,91.21980285644531,91.2300033569336,91.21499633789062,91.22660064697266,91.22660064697266,2316,BTC
2022-09-21 00:00:00-04:00,91.13009643554688,91.31990051269531,91.13009643554688,91.31500244140625,91.31500244140625,7816,BTC
2022-09-22 00:00:00-04:00,90.76959991455078,90.80000305175781,90.69049835205078,90.73500061035156,90.73500061035156,8384,BTC
2022-09-23 00:00:00-04:00,90.51100158691406,90.65989685058594,90.45999908447266,90.5999984741211,90.5999984741211,14798,BTC
2022-09-26 00:00:00-04:00,90.34010314941406,90.34010314941406,89.94999694824219,89.95999908447266,89.95999908447266,1669,BTC
2022-09-27 00:00:00-04:00,90.02999877929688,90.02999877929688,89.70999908447266,89.70999908447266,89.70999908447266,2803,BTC
2022-09-28 00:00:00-04:00,89.73290252685547,90.0740966796875,89.65689849853516,90.0740966796875,90.0740966796875,877,BTC
2022-09-29 00:00:00-04:00,89.79000091552734,89.83999633789062,89.79000091552734,89.81279754638672,89.81279754638672,1090,BTC
2022-09-30 00:00:00-04:00,90.0,90.0,89.67220306396484,89.67220306396484,89.67220306396484,2654,BTC
2022-10-03 00:00:00-04:00,90.2699966430664,90.42990112304688,90.25360107421875,90.25659942626953,90.25659942626953,738,BTC
2022-10-04 00:00:00-04:00,90.58000183105469,90.58000183105469,90.44560241699219,90.44560241699219,90.44560241699219,157,BTC
2022-10-05 00:00:00-04:00,90.07209777832031,90.07209777832031,90.07209777832031,90.07209777832031,90.07209777832031,44,BTC
2022-10-06 00:00:00-04:00,89.94000244140625,89.94000244140625,89.94000244140625,89.94000244140625,89.94000244140625,145,BTC
2022-10-07 00:00:00-04:00,89.6104965209961,89.6104965209961,89.6104965209961,89.6104965209961,89.6104965209961,2,BTC
2022-10-10 00:00:00-04:00,89.47840118408203,89.47840118408203,89.47840118408203,89.47840118408203,89.47840118408203,11,BTC
2022-10-11 00:00:00-04:00,89.44100189208984,89.46849822998047,89.44010162353516,89.46849822998047,89.46849822998047,861,BTC
2022-10-12 00:00:00-04:00,89.55269622802734,89.55269622802734,89.55269622802734,89.55269622802734,89.55269622802734,2,BTC
2022-10-13 00:00:00-04:00,89.30599975585938,89.30599975585938,89.30599975585938,89.30599975585938,89.30599975585938,2,BTC
2022-10-14 00:00:00-04:00,89.14409637451172,89.14409637451172,89.14409637451172,89.14409637451172,89.14409637451172,4,BTC
2022-10-17 00:00:00-04:00,89.26190185546875,89.26190185546875,89.21289825439453,89.21289825439453,89.21289825439453,169,BTC
2022-10-18 00:00:00-04:00,89.3302001953125,89.3302001953125,89.3302001953125,89.3302001953125,89.3302001953125,28,BTC
2022-10-19 00:00:00-04:00,88.89179992675781,88.89179992675781,88.89179992675781,88.89179992675781,88.89179992675781,30,BTC
2022-10-20 00:00:00-04:00,88.60900115966797,88.60900115966797,88.60900115966797,88.60900115966797,88.60900115966797,100,BTC
2022-10-21 00:00:00-04:00,88.8895034790039,88.8895034790039,88.8895034790039,88.8895034790039,88.8895034790039,131,BTC
2022-10-24 00:00:00-04:00,88.88009643554688,88.89900207519531,88.88009643554688,88.88009643554688,88.88009643554688,115,BTC
2022-10-25 00:00:00-04:00,89.26629638671875,89.31950378417969,89.26629638671875,89.26629638671875,89.26629638671875,136,BTC
2022-10-26 00:00:00-04:00,89.38500213623047,89.48500061035156,89.38500213623047,89.44049835205078,89.44049835205078,3815,BTC
2022-10-27 00:00:00-04:00,89.70999908447266,89.7699966430664,89.70999908447266,89.75299835205078,89.75299835205078,2269,BTC
2022-10-28 00:00:00-04:00,89.54000091552734,89.55819702148438,89.5199966430664,89.54440307617188,89.54440307617188,1384,BTC
